{
  "config_6": {
    "block_to_full_per_value": [
      0.9916,
      0.223,
      0.9368,
      0.8112,
      0.9934,
      0.992,
      0.9958,
      0.999,
      0.9846,
      0.9608,
      0.9975,
      0.9365,
      0.9985,
      0.9982,
      0.9858,
      0.4696
    ],
    "consecutive_alignment_per_site": [
      0.1558,
      0.5892,
      0.9711,
      0.9906,
      0.9005,
      0.9107,
      0.9935,
      0.3714
    ],
    "half1_ddir": [
      1.4747,
      1.1905,
      1.1283,
      1.8072,
      1.8397,
      1.2856,
      1.1042,
      1.1458
    ],
    "half2_ddir": [
      2.397,
      1.8829,
      1.6808,
      1.4304,
      1.6892,
      1.8228,
      1.4478,
      2.3653
    ],
    "mean_block_to_full": 0.9570400923349246,
    "mean_consecutive_alignment": 0.8672515406090814,
    "n_frames_half1": 136,
    "n_frames_half2": 136,
    "n_frames_total": 272
  },
  "config_8": {
    "block_to_full_per_value": [
      0.9909,
      0.9306,
      0.853,
      0.9495,
      0.6173,
      0.9665,
      0.8062,
      0.4087,
      0.9921,
      0.9843,
      1.0,
      0.9862,
      0.9566,
      0.9948,
      0.0372
    ],
    "consecutive_alignment_per_site": [
      0.8745,
      0.664,
      0.4347,
      0.0555,
      0.9546,
      0.8966,
      0.0149
    ],
    "half1_ddir": [
      1.4001,
      1.4597,
      1.2762,
      1.0514,
      1.0873,
      null,
      1.0839,
      1.0869
    ],
    "half2_ddir": [
      2.5654,
      1.5382,
      1.1265,
      1.5188,
      1.1853,
      1.8055,
      1.2516,
      1.7663
    ],
    "mean_block_to_full": 0.8410248653635554,
    "mean_consecutive_alignment": 0.587767963302246,
    "n_frames_half1": 116,
    "n_frames_half2": 116,
    "n_frames_total": 232,
    "segment_Dcoh": [
      1.3945,
      1.6907,
      1.555,
      1.1116
    ],
    "segment_Dcoh_CV": 0.1732,
    "segment_Dcoh_mean": 1.438,
    "segment_Dcoh_std": 0.249
  }
}
